,Age,Study_Hours_per_Week,Online_Courses_Completed,Assignment_Completion_Rate (%),Exam_Score (%),Attendance_Rate (%),Time_Spent_on_Social_Media (hours/week),Sleep_Hours_per_Night,Final_Grade
count,10000.0,10000.0,10000.0,10000.0,10000.0,10000.0,10000.0,10000.0,10000.0
mean,0.4980727272727272,0.5029613636363636,0.500395,0.49844000000000005,0.5031483333333333,0.5017020000000001,0.4978833333333334,0.49655,1.5384
std,0.3147260266624864,0.29551243185807285,0.3068362899428335,0.29350874116133885,0.29415744418343415,0.2949850247258007,0.30075462229911515,0.3328275453106184,1.1267885361683994
min,0.0,0.0,0.0,0.0,0.0,0.0,0.0,0.0,0.0
25%,0.18181818181818188,0.25,0.25,0.24,0.25,0.24,0.23333333333333334,0.16666666666666663,1.0
50%,0.45454545454545436,0.5,0.5,0.5,0.5000000000000001,0.5,0.5,0.4999999999999999,2.0
75%,0.8181818181818181,0.75,0.75,0.76,0.7500000000000001,0.76,0.7666666666666666,0.8333333333333334,3.0
max,0.9999999999999998,1.0,1.0,1.0,1.0,1.0,1.0,0.9999999999999999,3.0
